N;Block_Size;Time_sec;GFLOPS;Data_Volume_KB
256;16;0.001030;32.58;1536.00
256;32;0.001037;32.36;1536.00
512;16;0.080787;3.32;6144.00
512;32;0.089073;3.01;6144.00
768;16;0.100363;9.03;13824.00
768;32;0.105200;8.61;13824.00
1024;16;0.121867;17.62;24576.00
1024;32;0.130734;16.43;24576.00
1536;16;0.193699;37.42;55296.00
1536;32;0.185598;39.05;55296.00
2048;16;0.300452;57.18;98304.00
2048;32;0.307712;55.83;98304.00
